id,from,to,type,band,fn,phys,status
SENS-01,BAR30,J_SENS_BAR30,SENSING,,"Depth/pressure (MS5837-30BA, I2C 0x76)","PHYSICAL ROUTE (placeholder cable ROUTE_BAR30_I2C, TBD - not fabricated)",PROPOSED
SENS-02,CELSIUS,J_SENS_CEL,SENSING,,"Water temperature (TSYS01, I2C)","PHYSICAL ROUTE (placeholder cable ROUTE_CELSIUS_I2C, TBD - not fabricated)",PROPOSED
SENS-03,SOS_PROBE_FWD,SOS_LEAK_BOARD,SENSING,,Leak probe fwd,"PHYSICAL ROUTE (placeholder cable ROUTE_SOS_FWD, TBD - not fabricated)",PROPOSED
SENS-04,SOS_PROBE_AFT,SOS_LEAK_BOARD,SENSING,,Leak probe aft,"PHYSICAL ROUTE (placeholder cable ROUTE_SOS_AFT, TBD - not fabricated)",PROPOSED
SENS-05,SOS_LEAK_BOARD,J_SENS_SOS,SENSING,,Leak flag (GPIO high),ARCHITECTURAL,PROPOSED
SENS-06,J_SENS_BAR30,STM32G474RE,SENSING,,I2C bus: depth + temperature to MCU,ARCHITECTURAL,PROPOSED
SENS-07,J_SENS_SOS,STM32G474RE,SENSING,,Leak GPIO to MCU,ARCHITECTURAL,PROPOSED
DATA-01,PEN_PWR_DATA,J_DIG_HOST,DATA,,"AUV host data: mission parameters + environmental proxies (salinity, turbidity, range)","PHYSICAL ROUTE (placeholder cable ROUTE_AUV_DATA, TBD - not fabricated)",PROPOSED
DATA-02,J_DIG_HOST,STM32G474RE,DATA,,Host UART/CAN (TBD) to MCU,ARCHITECTURAL,PROPOSED
FW-01,STM32G474RE,P3B_ADAPTATION_ENGINE,DATA,,Inputs to adaptation engine (firmware on MCU),ARCHITECTURAL,PROPOSED
FW-02,P3B_ADAPTATION_ENGINE,P3B_WAVEFORM_GEN,DATA,,"Waveform parameters: band (L / H), f0, B, T, PRI, drive level, waveform (LFM chirp, geometric sweep, Barker-13 phase code, CW), window (Hann, Hamming, Blackman, Tukey)",ARCHITECTURAL,PROPOSED
FW-03,P3B_WAVEFORM_GEN,P3B_DAC3,DATA,L+H,"DDS phase accumulator + 4096-point sine table -> RAM buffer -> TIM+DMA -> DAC3 (single DAC, both bands)",ARCHITECTURAL,PROPOSED
CTRL-01,STM32G474RE,THS3491_L1,DATA,L,PD_L: enable THS3491 L1 (Band L BTL + leg; only the selected band is enabled for each ping),ARCHITECTURAL,PROPOSED
CTRL-02,STM32G474RE,THS3491_H1,DATA,H,PD_H: enable THS3491 H1 (Band H BTL + leg; only the selected band is enabled for each ping),ARCHITECTURAL,PROPOSED
CTRL-03,STM32G474RE,LOAD_SWITCH_PA,DATA,,LOAD_SW_EN,ARCHITECTURAL,PROPOSED
CTRL-04,STM32G474RE,LM5157,DATA,,BOOST_EN,ARCHITECTURAL,PROPOSED
CTRL-05,STM32G474RE,THS3491_L2,DATA,L,PD_L: enable THS3491 L2 (Band L BTL - leg; same net as CTRL-01),ARCHITECTURAL,PROPOSED
CTRL-06,STM32G474RE,THS3491_H2,DATA,H,PD_H: enable THS3491 H2 (Band H BTL - leg; same net as CTRL-02),ARCHITECTURAL,PROPOSED
MON-01,INA241A,STM32G474RE,SENSING,,30 V rail current -> ADC,ARCHITECTURAL,PROPOSED
MON-02,VSENSE_L,STM32G474RE,SENSING,L,Band L PZT terminal voltage -> ADC,ARCHITECTURAL,PROPOSED
MON-03,VSENSE_H,STM32G474RE,SENSING,H,Band H PZT terminal voltage -> ADC,ARCHITECTURAL,PROPOSED
SIG-01,P3B_DAC3,J_DIG_ANALOG,ANALOG,L+H,"DAC3 via internal OPAMP follower -> board connector (single DAC, both bands)",ARCHITECTURAL,PROPOSED
SIG-02,J_DIG_ANALOG,J_ANALOG_DAC_CTRL,ANALOG,L+H,DAC + PD_L / PD_H / EN harness (placeholder cable),"PHYSICAL ROUTE (placeholder cable ROUTE_DAC_CTRL, TBD - not fabricated)",PROPOSED
SIG-03,J_ANALOG_DAC_CTRL,OPA2356,ANALOG,L+H,DAC signal to OPA2356 (Sallen-Key filter stage 1),ARCHITECTURAL,PROPOSED
SIG-04,OPA2356,RECON_FILTER,ANALOG,L+H,Drive the common 4th-order Butterworth reconstruction filter (~600 kHz),ARCHITECTURAL,PROPOSED
SIG-05,RECON_FILTER,TP1,ANALOG,L+H,"Filtered waveform to TP1 (common test point, oscilloscope / FFT)",ARCHITECTURAL,PROPOSED
SIG-L06,TP1,THS3491_L1,ANALOG,L,Band L BTL + leg input,ARCHITECTURAL,PROPOSED
SIG-L07,TP1,THS3491_L2,ANALOG,L,Band L BTL - leg input (inverting),ARCHITECTURAL,PROPOSED
PA-L01,THS3491_L1,J_ANALOG_OUT_L,HIGH-POWER ANALOG (PA),L,BTL output +,ARCHITECTURAL,PROPOSED
PA-L02,THS3491_L2,J_ANALOG_OUT_L,HIGH-POWER ANALOG (PA),L,BTL output -,ARCHITECTURAL,PROPOSED
PA-L03,J_ANALOG_OUT_L,J_MATCH_L_PA,HIGH-POWER ANALOG (PA),L,"PA -> Band L matching network (RG174 class, dry)","PHYSICAL ROUTE (placeholder cable ROUTE_PA_MATCH_L, TBD - not fabricated)",PROPOSED
PA-L04,J_MATCH_L_PA,XFMR_L,HIGH-POWER ANALOG (PA),L,Impedance transform (TBD),ARCHITECTURAL,PROPOSED
PA-L05,XFMR_L,L_TUNE_L,HIGH-POWER ANALOG (PA),L,Shunt tuning inductor: initial value from the selected ~120 kHz-class PZT's C0 - TO BE TUNED FROM IMPEDANCE MEASUREMENT,ARCHITECTURAL,PROPOSED
PA-L06,L_TUNE_L,J_MATCH_L_PZT,HIGH-POWER ANALOG (PA),L,Matched drive to PZT connector,ARCHITECTURAL,PROPOSED
PA-L07,J_MATCH_L_PZT,CONN_PEN_AC_L,HIGH-POWER ANALOG (PA),L,Dry acoustic cable (RG174 class),"PHYSICAL ROUTE (placeholder cable ROUTE_DRY_L_PZT, TBD - not fabricated)",PROPOSED
PA-L08,PEN_AC_L,PZT_L_120k,HIGH-POWER ANALOG (PA),L,"Wetted acoustic cable (TBD, WetLink seal 4.5-8.5)","PHYSICAL ROUTE (placeholder cable ROUTE_WET_L, TBD - not fabricated)",PROPOSED
SIG-H06,TP1,THS3491_H1,ANALOG,H,Band H BTL + leg input,ARCHITECTURAL,PROPOSED
SIG-H07,TP1,THS3491_H2,ANALOG,H,Band H BTL - leg input (inverting),ARCHITECTURAL,PROPOSED
PA-H01,THS3491_H1,J_ANALOG_OUT_H,HIGH-POWER ANALOG (PA),H,BTL output +,ARCHITECTURAL,PROPOSED
PA-H02,THS3491_H2,J_ANALOG_OUT_H,HIGH-POWER ANALOG (PA),H,BTL output -,ARCHITECTURAL,PROPOSED
PA-H03,J_ANALOG_OUT_H,J_MATCH_H_PA,HIGH-POWER ANALOG (PA),H,"PA -> 500 kHz matching network (RG174 class, dry)","PHYSICAL ROUTE (placeholder cable ROUTE_PA_MATCH_H, TBD - not fabricated)",PROPOSED
PA-H04,J_MATCH_H_PA,XFMR_H,HIGH-POWER ANALOG (PA),H,Impedance transform (TBD),ARCHITECTURAL,PROPOSED
PA-H05,XFMR_H,L_TUNE_H,HIGH-POWER ANALOG (PA),H,Shunt tuning inductor: initial calculated target ~27 uH (cancels C0 ~3.75 nF at 500 kHz; L = 1 / (w0^2 C0)) - TO BE TUNED FROM IMPEDANCE MEASUREMENT,ARCHITECTURAL,PROPOSED
PA-H06,L_TUNE_H,J_MATCH_H_PZT,HIGH-POWER ANALOG (PA),H,Matched drive to PZT connector,ARCHITECTURAL,PROPOSED
PA-H07,J_MATCH_H_PZT,CONN_PEN_AC_H,HIGH-POWER ANALOG (PA),H,Dry acoustic cable (RG174 class),"PHYSICAL ROUTE (placeholder cable ROUTE_DRY_H_PZT, TBD - not fabricated)",PROPOSED
PA-H08,PEN_AC_H,PZT_H_500k,HIGH-POWER ANALOG (PA),H,"Wetted acoustic cable (TBD, WetLink seal 4.5-8.5)","PHYSICAL ROUTE (placeholder cable ROUTE_WET_H, TBD - not fabricated)",PROPOSED
PWR-01,PEN_PWR_DATA,J_INPUT_BUS,POWER,,"AUV power input (bus voltage TBD; this power tree needs a bus below ~28 V, e.g. 12 V or a 6S ~24 V battery: TPS62933 input max 30 V, and the LM5157 boost input must stay below its 30 V output)","PHYSICAL ROUTE (placeholder cable ROUTE_AUV_PWR, TBD - not fabricated)",PROPOSED
PWR-02,J_INPUT_BUS,FUSE,POWER,,Series fuse (TBD),ARCHITECTURAL,PROPOSED
PWR-03,FUSE,TVS,POWER,,Transient clamp (TBD),ARCHITECTURAL,PROPOSED
PWR-04,TVS,TPS2663,POWER,,eFuse / reverse polarity / inrush,ARCHITECTURAL,PROPOSED
PWR-05,TPS2663,TPS62933,POWER,,Digital branch -> 3.3 V buck,ARCHITECTURAL,PROPOSED
PWR-06,TPS62933,STM32G474RE,POWER,,3.3 V to MCU,ARCHITECTURAL,PROPOSED
PWR-07,TPS62933,J_SENS_CEL,POWER,,3.3 V to sensor interface / sensors,ARCHITECTURAL,PROPOSED
PWR-08,TPS2663,J_INPUT_PA,POWER,,PA branch,ARCHITECTURAL,PROPOSED
PWR-09,J_INPUT_PA,J_PAPWR_IN,POWER,,Protected bus -> PA power PCB,"PHYSICAL ROUTE (placeholder cable ROUTE_PA_FEED, TBD - not fabricated)",PROPOSED
PWR-10,J_PAPWR_IN,LOAD_SWITCH_PA,POWER,,PA load switch (upstream of boost),ARCHITECTURAL,PROPOSED
PWR-11,LOAD_SWITCH_PA,L_BOOST,POWER,,Boost input,ARCHITECTURAL,PROPOSED
PWR-12,L_BOOST,LM5157,POWER,,Boost switch node,ARCHITECTURAL,PROPOSED
PWR-13,LM5157,EEUFR1H102,POWER,,30 V output -> reservoir,ARCHITECTURAL,PROPOSED
PWR-14,EEUFR1H102,J_PAPWR_RAIL,POWER,,30 V PA RAIL,ARCHITECTURAL,PROPOSED
PWR-15,J_PAPWR_RAIL,J_ANALOG_RAIL,POWER,,30 V PA RAIL up to analog/PA PCB,"PHYSICAL ROUTE (placeholder cable ROUTE_RAIL_30V, TBD - not fabricated)",PROPOSED
PWR-16,J_ANALOG_RAIL,SHUNT,POWER,,30 V rail via current shunt,ARCHITECTURAL,PROPOSED
PWR-17,SHUNT,THS3491_L1,POWER,L,30 V PA RAIL -> THS3491 L1,ARCHITECTURAL,PROPOSED
PWR-18,SHUNT,THS3491_L2,POWER,L,30 V PA RAIL -> THS3491 L2,ARCHITECTURAL,PROPOSED
PWR-19,SHUNT,THS3491_H1,POWER,H,30 V PA RAIL -> THS3491 H1,ARCHITECTURAL,PROPOSED
PWR-20,SHUNT,THS3491_H2,POWER,H,30 V PA RAIL -> THS3491 H2,ARCHITECTURAL,PROPOSED
AC-L01,PZT_L_120k,WATER,ACOUSTIC,L,"Band L acoustic output (downward, through the belly window), ~120 kHz class - not acoustically characterised",ARCHITECTURAL (acoustic output to water),PROPOSED
AC-H01,PZT_H_500k,WATER,ACOUSTIC,H,"Band H acoustic output (downward, through the belly window), 500 kHz class - not acoustically characterised",ARCHITECTURAL (acoustic output to water),PROPOSED
